Model,Loss
Global,17.426101205236623
Client#1,10.90534839630127
Client#2,15.960830688476562
Client#3,16.181111907958986
Client#4,13.171516227722169
Client#5,15.0727144241333